loss,mape,val_loss,val_mape
0.03442094475030899,219934.015625,0.007703166455030441,95.1663589477539
0.007349157240241766,90230.4921875,0.007591573521494865,66.14628601074219
