loss,mape,val_loss,val_mape
0.03840705007314682,257090.015625,0.01360574271529913,116.49243927001953
0.01121458038687706,95986.34375,0.011099334806203842,105.0921859741211
