loss,mape,val_loss,val_mape
0.05846179649233818,382057.375,0.05233793705701828,449.20880126953125
0.03884492069482803,304247.1875,0.0289321132004261,336.27862548828125
