loss,mape,val_loss,val_mape
0.06525549292564392,254839.390625,0.06628217548131943,430924.21875
0.055025555193424225,131602.21875,0.05804172158241272,472219.4375
